Workbook

Sheet Run 1 (Alex)
A1: Photo Name | B1: Quality Parameter | C1: Original Size (KB) | D1: QJPEG Size (KB) | E1: CV2 Size (KB) | F1: Time QFT (s) | G1: Time DCT (s) | H1: QFT Compression | I1: JPEG Compression | J1: Size differential
A2: Blue Marble | B2: 0 | C2: 177716.01 | D2: 8309.42 | E2: 3567.01 | F2: 2252.6418 | G2: 4.3216 | H2: =D2/C2 -> 0.046756733 | I2: =E2/C2 -> 0.020071405 | J2: =D2-E2 -> 4742.41
A3: Blue Marble | B3: 5 | C3: 177716.01 | D3: 8717.24 | E3: 3568.39 | F3: 2263.6936 | G3: 4.4129 | H3: =D3/C3 -> 0.049051518 | I3: =E3/C3 -> 0.02007917 | J3: =D3-E3 -> 5148.85
A4: Blue Marble | B4: 10 | C4: 177716.01 | D4: 9868.56 | E4: 3619.82 | F4: 2320.6195 | G4: 4.6538 | H4: =D4/C4 -> 0.055529944 | I4: =E4/C4 -> 0.020368564 | J4: =D4-E4 -> 6248.74
A5: Blue Marble | B5: 15 | C5: 177716.01 | D5: 11118.98 | E5: 3678.24 | F5: 2182.9394 | G5: 4.3974 | H5: =D5/C5 -> 0.062566001 | I5: =E5/C5 -> 0.020697291 | J5: =D5-E5 -> 7440.74
A6: Blue Marble | B6: 20 | C6: 177716.01 | D6: 12402.48 | E6: 3780 | F6: 2308.8572 | G6: 4.5269 | H6: =D6/C6 -> 0.069788197 | I6: =E6/C6 -> 0.02126989 | J6: =D6-E6 -> 8622.48
A7: Blue Marble | B7: 25 | C7: 177716.01 | D7: 13715.87 | E7: 3873.76 | F7: 2208.998 | G7: 4.4932 | H7: =D7/C7 -> 0.077178584 | I7: =E7/C7 -> 0.021797473 | J7: =D7-E7 -> 9842.11
A8: Blue Marble | B8: 30 | C8: 177716.01 | D8: 15008.87 | E8: 3991.04 | F8: 2401.8978 | G8: 4.7945 | H8: =D8/C8 -> 0.084454237 | I8: =E8/C8 -> 0.022457403 | J8: =D8-E8 -> 11017.83
A9: Blue Marble | B9: 35 | C9: 177716.01 | D9: 16295.88 | E9: 4121 | F9: 2493.2676 | G9: 4.6648 | H9: =D9/C9 -> 0.091696184 | I9: =E9/C9 -> 0.023188682 | J9: =D9-E9 -> 12174.88
A10: Blue Marble | B10: 40 | C10: 177716.01 | D10: 17423.87 | E10: 4216.23 | F10: 2483.1712 | G10: 4.8503 | H10: =D10/C10 -> 0.098043333 | I10: =E10/C10 -> 0.023724537 | J10: =D10-E10 -> 13207.64
A11: Blue Marble | B11: 45 | C11: 177716.01 | D11: 18735.74 | E11: 4354.12 | F11: 2375.1277 | G11: 4.8862 | H11: =D11/C11 -> 0.10542517 | I11: =E11/C11 -> 0.024500438 | J11: =D11-E11 -> 14381.62
A12: Blue Marble | B12: 50 | C12: 177716.01 | D12: 19891.69 | E12: 4479.96 | F12: 2282.8635 | G12: 4.8863 | H12: =D12/C12 -> 0.11192965 | I12: =E12/C12 -> 0.025208534 | J12: =D12-E12 -> 15411.73
A13: Blue Marble | B13: 55 | C13: 177716.01 | D13: 21053.59 | E13: 4614.75 | F13: 2298.1257 | G13: 5.0195 | H13: =D13/C13 -> 0.1184676 | I13: =E13/C13 -> 0.025966991 | J13: =D13-E13 -> 16438.84
... A316: WildFriday | B316: 100 | C316: 1697.71 | D316: 1344.52 | E316: 353.61 | F316: 14.661 | G316: 0.01 | H316: =D316/C316 -> 0.79196094 | I316: =E316/C316 -> 0.20828646 | J316: =D316-E316 -> 990.91

Sheet Run 2 (Alex)
A1: Photo Name | B1: Quality Parameter | C1: Original Size (KB) | D1: QJPEG Size (KB) | E1: CV2 Size (KB) | F1: Time QFT (s) | G1: Time DCT (s) | H1: QFT Compression | I1: JPEG Compression | J1: Size differential
A2: Blue Marble | B2: 0 | C2: 177716.01 | D2: 4303.63 | E2: 3855.14 | F2: 1247.5182 | G2: 2.415 | H2: =D2/C2 -> 0.024216333 | I2: =E2/C2 -> 0.021692699 | J2: =D2-E2 -> 448.49
A3: Blue Marble | B3: 5 | C3: 177716.01 | D3: 4688.58 | E3: 4231.9 | F3: 1193.1797 | G3: 2.3791 | H3: =D3/C3 -> 0.026382429 | I3: =E3/C3 -> 0.023812711 | J3: =D3-E3 -> 456.68
A4: Blue Marble | B4: 10 | C4: 177716.01 | D4: 5708.44 | E4: 5222.58 | F4: 1087.5494 | G4: 2.4122 | H4: =D4/C4 -> 0.032121135 | I4: =E4/C4 -> 0.029387223 | J4: =D4-E4 -> 485.86
A5: Blue Marble | B5: 15 | C5: 177716.01 | D5: 6751.51 | E5: 6228.78 | F5: 1081.0061 | G5: 2.4053 | H5: =D5/C5 -> 0.037990443 | I5: =E5/C5 -> 0.035049065 | J5: =D5-E5 -> 522.73
A6: Blue Marble | B6: 20 | C6: 177716.01 | D6: 7735.37 | E6: 7158.45 | F6: 1082.1826 | G6: 2.4304 | H6: =D6/C6 -> 0.043526579 | I6: =E6/C6 -> 0.040280276 | J6: =D6-E6 -> 576.92
A7: Blue Marble | B7: 25 | C7: 177716.01 | D7: 8673.99 | E7: 8033.95 | F7: 1074.1394 | G7: 2.3696 | H7: =D7/C7 -> 0.048808152 | I7: =E7/C7 -> 0.045206676 | J7: =D7-E7 -> 640.04
A8: Blue Marble | B8: 30 | C8: 177716.01 | D8: 9546.55 | E8: 8840.34 | F8: 1077.0487 | G8: 2.3839 | H8: =D8/C8 -> 0.053718008 | I8: =E8/C8 -> 0.049744196 | J8: =D8-E8 -> 706.21
A9: Blue Marble | B9: 35 | C9: 177716.01 | D9: 10383.13 | E9: 9611.73 | F9: 1080.122 | G9: 2.2243 | H9: =D9/C9 -> 0.058425406 | I9: =E9/C9 -> 0.054084773 | J9: =D9-E9 -> 771.4
A10: Blue Marble | B10: 40 | C10: 177716.01 | D10: 11098.08 | E10: 10243.6 | F10: 1083.8811 | G10: 2.3311 | H10: =D10/C10 -> 0.062448397 | I10: =E10/C10 -> 0.057640277 | J10: =D10-E10 -> 854.48
A11: Blue Marble | B11: 45 | C11: 177716.01 | D11: 11898.83 | E11: 10955.28 | F11: 1088.566 | G11: 2.5147 | H11: =D11/C11 -> 0.066954182 | I11: =E11/C11 -> 0.061644868 | J11: =D11-E11 -> 943.55
A12: Blue Marble | B12: 50 | C12: 177716.01 | D12: 12602.11 | E12: 11582.32 | F12: 1099.7258 | G12: 2.6136 | H12: =D12/C12 -> 0.070911507 | I12: =E12/C12 -> 0.065173194 | J12: =D12-E12 -> 1019.79
A13: Blue Marble | B13: 55 | C13: 177716.01 | D13: 13303.08 | E13: 12213.07 | F13: 1155.9112 | G13: 2.8961 | H13: =D13/C13 -> 0.074855833 | I13: =E13/C13 -> 0.068722396 | J13: =D13-E13 -> 1090.01
... A316: WildFriday | B316: 100 | C316: 1697.71 | D316: 758.1 | E316: 771.9 | F316: 6.3967 | G316: 0.025 | H316: =D316/C316 -> 0.4465427 | I316: =E316/C316 -> 0.45467129 | J316: =D316-E316 -> -13.8

Sheet Run 1 (Ty)
A1: Photo Name | B1: Quality Parameter | C1: Original Size (KB) | D1: QJPEG Size (KB) | E1: CV2 Size (KB) | F1: Time QFT (s) | G1: Time DCT (s) | H1: QFT Compression | I1: JPEG Compression | J1: Size differential | AL1: Onion | AM1: Friday | AN1: =A82 -> Episode3 | AO1: Onion
A2: Onion | B2: 0 | C2: 4175.13 | D2: 143.45 | E2: 66.97 | F2: 38.0454 | G2: 0.0109 | H2: =D2/C2 -> 0.034358212 | I2: =E2/C2 -> 0.016040219 | J2: =D2-E2 -> 76.48 | AL2: =D2-'Run 1 (Alex)'!D191 -> 0 | AM2: =D22-'Run 1 (Alex)'!D107 -> 0 | AN2: =D62-'Run 1 (Alex)'!D296 -> 0 | AO2: =E2-'Run 1 (Alex)'!E191 -> 4.84
A3: Onion | B3: 5 | C3: 4175.13 | D3: 149.47 | E3: 71.66 | F3: 37.8293 | G3: 0.008 | H3: =D3/C3 -> 0.035800083 | I3: =E3/C3 -> 0.017163537 | J3: =D3-E3 -> 77.81 | AL3: =D3-'Run 1 (Alex)'!D192 -> -0.01 | AM3: =D23-'Run 1 (Alex)'!D108 -> 0 | AN3: =D63-'Run 1 (Alex)'!D297 -> 0 | AO3: =E3-'Run 1 (Alex)'!E192 -> 9.29
A4: Onion | B4: 10 | C4: 4175.13 | D4: 166.19 | E4: 84.86 | F4: 38.643 | G4: 0.009 | H4: =D4/C4 -> 0.039804749 | I4: =E4/C4 -> 0.020325116 | J4: =D4-E4 -> 81.33 | AL4: =D4-'Run 1 (Alex)'!D193 -> -0.01 | AM4: =D24-'Run 1 (Alex)'!D109 -> 0 | AN4: =D64-'Run 1 (Alex)'!D298 -> 0.02 | AO4: =E4-'Run 1 (Alex)'!E193 -> 20.76
A5: Onion | B5: 15 | C5: 4175.13 | D5: 183.66 | E5: 98.95 | F5: 38.1351 | G5: 0.009 | H5: =D5/C5 -> 0.043989049 | I5: =E5/C5 -> 0.023699861 | J5: =D5-E5 -> 84.71 | AL5: =D5-'Run 1 (Alex)'!D194 -> 0 | AM5: =D25-'Run 1 (Alex)'!D110 -> 0.01 | AN5: =D65-'Run 1 (Alex)'!D299 -> 0.01 | AO5: =E5-'Run 1 (Alex)'!E194 -> 33.08
A6: Onion | B6: 20 | C6: 4175.13 | D6: 201.01 | E6: 112.86 | F6: 38.5952 | G6: 0.009 | H6: =D6/C6 -> 0.048144609 | I6: =E6/C6 -> 0.027031494 | J6: =D6-E6 -> 88.15 | AL6: =D6-'Run 1 (Alex)'!D195 -> 0.02 | AM6: =D26-'Run 1 (Alex)'!D111 -> 0.01 | AN6: =D66-'Run 1 (Alex)'!D300 -> 0 | AO6: =E6-'Run 1 (Alex)'!E195 -> 44.96
A7: Onion | B7: 25 | C7: 4175.13 | D7: 218.53 | E7: 126.68 | F7: 38.2697 | G7: 0.009 | H7: =D7/C7 -> 0.052340885 | I7: =E7/C7 -> 0.03034157 | J7: =D7-E7 -> 91.85 | AL7: =D7-'Run 1 (Alex)'!D196 -> 0.01 | AM7: =D27-'Run 1 (Alex)'!D112 -> 0.07 | AN7: =D67-'Run 1 (Alex)'!D301 -> -0.01 | AO7: =E7-'Run 1 (Alex)'!E196 -> 56.89
A8: Onion | B8: 30 | C8: 4175.13 | D8: 235.49 | E8: 140.09 | F8: 38.0831 | G8: 0.008 | H8: =D8/C8 -> 0.056403034 | I8: =E8/C8 -> 0.033553446 | J8: =D8-E8 -> 95.4 | AL8: =D8-'Run 1 (Alex)'!D197 -> 0 | AM8: =D28-'Run 1 (Alex)'!D113 -> 0 | AN8: =D68-'Run 1 (Alex)'!D302 -> 0.02 | AO8: =E8-'Run 1 (Alex)'!E197 -> 67.8
A9: Onion | B9: 35 | C9: 4175.13 | D9: 252.07 | E9: 153.23 | F9: 39.1808 | G9: 0.009 | H9: =D9/C9 -> 0.060374168 | I9: =E9/C9 -> 0.036700654 | J9: =D9-E9 -> 98.84 | AL9: =D9-'Run 1 (Alex)'!D198 -> 0.03 | AM9: =D29-'Run 1 (Alex)'!D114 -> 0 | AN9: =D69-'Run 1 (Alex)'!D303 -> 0.04 | AO9: =E9-'Run 1 (Alex)'!E198 -> 78.64
A10: Onion | B10: 40 | C10: 4175.13 | D10: 266.63 | E10: 164.24 | F10: 38.9698 | G10: 0.009 | H10: =D10/C10 -> 0.063861485 | I10: =E10/C10 -> 0.039337697 | J10: =D10-E10 -> 102.39 | AL10: =D10-'Run 1 (Alex)'!D199 -> 0.02 | AM10: =D30-'Run 1 (Alex)'!D115 -> -0.01 | AN10: =D70-'Run 1 (Alex)'!D304 -> 0.01 | AO10: =E10-'Run 1 (Alex)'!E199 -> 87.79
A11: Onion | B11: 45 | C11: 4175.13 | D11: 284.75 | E11: 177.65 | F11: 39.0543 | G11: 0.01 | H11: =D11/C11 -> 0.068201469 | I11: =E11/C11 -> 0.042549573 | J11: =D11-E11 -> 107.1 | AL11: =D11-'Run 1 (Alex)'!D200 -> 0.04 | AM11: =D31-'Run 1 (Alex)'!D116 -> 0.05 | AN11: =D71-'Run 1 (Alex)'!D305 -> -0.06 | AO11: =E11-'Run 1 (Alex)'!E200 -> 99.05
A12: Onion | B12: 50 | C12: 4175.13 | D12: 299.54 | E12: 189.21 | F12: 39.4843 | G12: 0.009 | H12: =D12/C12 -> 0.071743874 | I12: =E12/C12 -> 0.045318349 | J12: =D12-E12 -> 110.33 | AL12: =D12-'Run 1 (Alex)'!D201 -> -0.07 | AM12: =D32-'Run 1 (Alex)'!D117 -> -0.09 | AN12: =D72-'Run 1 (Alex)'!D306 -> 0.04 | AO12: =E12-'Run 1 (Alex)'!E201 -> 108.27
A13: Onion | B13: 55 | C13: 4175.13 | D13: 315.71 | E13: 201.62 | F13: 39.3038 | G13: 0.0094 | H13: =D13/C13 -> 0.075616807 | I13: =E13/C13 -> 0.048290712 | J13: =D13-E13 -> 114.09 | AL13: =D13-'Run 1 (Alex)'!D202 -> 0.05 | AM13: =D33-'Run 1 (Alex)'!D118 -> 0.01 | AN13: =D73-'Run 1 (Alex)'!D307 -> -0.02 | AO13: =E13-'Run 1 (Alex)'!E202 -> 118.36
... A21: Onion | B21: 95 | C21: 4175.13 | D21: 1253.42 | E21: 858.23 | F21: 44.8844 | G21: 0.013 | H21: =D21/C21 -> 0.30021101 | I21: =E21/C21 -> 0.20555767 | J21: =D21-E21 -> 395.19 | AL21: =D21-'Run 1 (Alex)'!D210 -> 1.54 | AM21: =D41-'Run 1 (Alex)'!D126 -> 0.05 | AN21: =D81-'Run 1 (Alex)'!D315 -> 0.16 | AO21: =E21-'Run 1 (Alex)'!E210 -> 578.08
A22: Friday | B22: 0 | C22: 398.17 | D22: 14.7 | E22: 7.5 | F22: 4.7777 | G22: 0.001 | H22: =D22/C22 -> 0.036918904 | I22: =E22/C22 -> 0.018836176 | J22: =D22-E22 -> 7.2
A23: Friday | B23: 5 | C23: 398.17 | D23: 16.18 | E23: 8.79 | F23: 4.7692 | G23: 0.002 | H23: =D23/C23 -> 0.040635909 | I23: =E23/C23 -> 0.022075998 | J23: =D23-E23 -> 7.39
A24: Friday | B24: 10 | C24: 398.17 | D24: 20.7 | E24: 12.67 | F24: 4.8457 | G24: 0.0012 | H24: =D24/C24 -> 0.051987844 | I24: =E24/C24 -> 0.031820579 | J24: =D24-E24 -> 8.03
A25: Friday | B25: 15 | C25: 398.17 | D25: 24.79 | E25: 16.41 | F25: 5.1937 | G25: 0.001 | H25: =D25/C25 -> 0.062259839 | I25: =E25/C25 -> 0.041213552 | J25: =D25-E25 -> 8.38
A26: Friday | B26: 20 | C26: 398.17 | D26: 28.77 | E26: 19.9 | F26: 4.9095 | G26: 0.002 | H26: =D26/C26 -> 0.072255569 | I26: =E26/C26 -> 0.049978652 | J26: =D26-E26 -> 8.87
A27: Friday | B27: 25 | C27: 398.17 | D27: 32.42 | E27: 23.1 | F27: 4.7793 | G27: 0.0019 | H27: =D27/C27 -> 0.081422508 | I27: =E27/C27 -> 0.058015421 | J27: =D27-E27 -> 9.32
A28: Friday | B28: 30 | C28: 398.17 | D28: 35.66 | E28: 25.94 | F28: 4.8199 | G28: 0.002 | H28: =D28/C28 -> 0.089559736 | I28: =E28/C28 -> 0.065148052 | J28: =D28-E28 -> 9.72
A29: Friday | B29: 35 | C29: 398.17 | D29: 38.74 | E29: 28.79 | F29: 4.8748 | G29: 0.0016 | H29: =D29/C29 -> 0.097295125 | I29: =E29/C29 -> 0.072305799 | J29: =D29-E29 -> 9.95
A30: Friday | B30: 40 | C30: 398.17 | D30: 41.25 | E30: 30.99 | F30: 4.8992 | G30: 0.001 | H30: =D30/C30 -> 0.10359897 | I30: =E30/C30 -> 0.077831077 | J30: =D30-E30 -> 10.26
A31: Friday | B31: 45 | C31: 398.17 | D31: 44.26 | E31: 33.57 | F31: 5.0549 | G31: 0.001 | H31: =D31/C31 -> 0.11115855 | I31: =E31/C31 -> 0.084310722 | J31: =D31-E31 -> 10.69
A32: Friday | B32: 50 | C32: 398.17 | D32: 46.83 | E32: 35.74 | F32: 4.9145 | G32: 0.002 | H32: =D32/C32 -> 0.11761308 | I32: =E32/C32 -> 0.089760655 | J32: =D32-E32 -> 11.09
A33: Friday | B33: 55 | C33: 398.17 | D33: 49.43 | E33: 38.06 | F33: 5.0036 | G33: 0.002 | H33: =D33/C33 -> 0.12414295 | I33: =E33/C33 -> 0.095587312 | J33: =D33-E33 -> 11.37
... A241: ETA | B241: 95 | C241: 14762.3 | D241: 1415.07 | E241: 1053.76 | F241: 89.7857 | G241: 0.016 | H241: =D241/C241 -> 0.095857014 | I241: =E241/C241 -> 0.071381831 | J241: =D241-E241 -> 361.31

Sheet Run 2 (Ty)
A1: Photo Name | B1: Quality Parameter | C1: Original Size (KB) | D1: QJPEG Size (KB) | E1: CV2 Size (KB) | F1: Time QFT (s) | G1: Time DCT (s) | H1: QFT Compression | I1: JPEG Compression | J1: Size differential | AL1: Onion | AM1: Friday | AN1: =A82 -> WildFriday | AO1: Onion
A2: Onion | B2: 0 | C2: 4175.13 | D2: 74.61 | E2: 66.97 | F2: 5.0051 | G2: 0.007 | H2: =D2/C2 -> 0.017870102 | I2: =E2/C2 -> 0.016040219 | J2: =D2-E2 -> 7.64 | AL2: =D2-'Run 1 (Ty)'!D2 -> -68.84 | AM2: =D22-'Run 1 (Alex)'!D107 -> -6.39 | AN2: =D62-'Run 1 (Alex)'!D296 -> -19.66 | AO2: =E2-'Run 1 (Alex)'!E191 -> 4.84
A3: Onion | B3: 5 | C3: 4175.13 | D3: 79.97 | E3: 71.66 | F3: 4.9889 | G3: 0.007 | H3: =D3/C3 -> 0.019153895 | I3: =E3/C3 -> 0.017163537 | J3: =D3-E3 -> 8.31 | AL3: =D3-'Run 1 (Ty)'!D3 -> -69.5 | AM3: =D23-'Run 1 (Alex)'!D108 -> -6.49 | AN3: =D63-'Run 1 (Alex)'!D297 -> -22.54 | AO3: =E3-'Run 1 (Alex)'!E192 -> 9.29
A4: Onion | B4: 10 | C4: 4175.13 | D4: 94.4 | E4: 84.86 | F4: 5.0964 | G4: 0.008 | H4: =D4/C4 -> 0.022610074 | I4: =E4/C4 -> 0.020325116 | J4: =D4-E4 -> 9.54 | AL4: =D4-'Run 1 (Ty)'!D4 -> -71.79 | AM4: =D24-'Run 1 (Alex)'!D109 -> -6.6 | AN4: =D64-'Run 1 (Alex)'!D298 -> -28.55 | AO4: =E4-'Run 1 (Alex)'!E193 -> 20.76
A5: Onion | B5: 15 | C5: 4175.13 | D5: 109.45 | E5: 98.95 | F5: 5.4251 | G5: 0.008 | H5: =D5/C5 -> 0.026214753 | I5: =E5/C5 -> 0.023699861 | J5: =D5-E5 -> 10.5 | AL5: =D5-'Run 1 (Ty)'!D5 -> -74.21 | AM5: =D25-'Run 1 (Alex)'!D110 -> -6.82 | AN5: =D65-'Run 1 (Alex)'!D299 -> -34.98 | AO5: =E5-'Run 1 (Alex)'!E194 -> 33.08
A6: Onion | B6: 20 | C6: 4175.13 | D6: 124.43 | E6: 112.86 | F6: 5.3978 | G6: 0.008 | H6: =D6/C6 -> 0.029802665 | I6: =E6/C6 -> 0.027031494 | J6: =D6-E6 -> 11.57 | AL6: =D6-'Run 1 (Ty)'!D6 -> -76.58 | AM6: =D26-'Run 1 (Alex)'!D111 -> -6.95 | AN6: =D66-'Run 1 (Alex)'!D300 -> -42.39 | AO6: =E6-'Run 1 (Alex)'!E195 -> 44.96
A7: Onion | B7: 25 | C7: 4175.13 | D7: 139.17 | E7: 126.68 | F7: 5.431 | G7: 0.008 | H7: =D7/C7 -> 0.033333094 | I7: =E7/C7 -> 0.03034157 | J7: =D7-E7 -> 12.49 | AL7: =D7-'Run 1 (Ty)'!D7 -> -79.36 | AM7: =D27-'Run 1 (Alex)'!D112 -> -6.99 | AN7: =D67-'Run 1 (Alex)'!D301 -> -50.63 | AO7: =E7-'Run 1 (Alex)'!E196 -> 56.89
A8: Onion | B8: 30 | C8: 4175.13 | D8: 153.31 | E8: 140.09 | F8: 5.5503 | G8: 0.009 | H8: =D8/C8 -> 0.036719815 | I8: =E8/C8 -> 0.033553446 | J8: =D8-E8 -> 13.22 | AL8: =D8-'Run 1 (Ty)'!D8 -> -82.18 | AM8: =D28-'Run 1 (Alex)'!D113 -> -7.27 | AN8: =D68-'Run 1 (Alex)'!D302 -> -58.75 | AO8: =E8-'Run 1 (Alex)'!E197 -> 67.8
A9: Onion | B9: 35 | C9: 4175.13 | D9: 166.98 | E9: 153.23 | F9: 5.5877 | G9: 0.009 | H9: =D9/C9 -> 0.039993964 | I9: =E9/C9 -> 0.036700654 | J9: =D9-E9 -> 13.75 | AL9: =D9-'Run 1 (Ty)'!D9 -> -85.09 | AM9: =D29-'Run 1 (Alex)'!D114 -> -7.46 | AN9: =D69-'Run 1 (Alex)'!D303 -> -65.65 | AO9: =E9-'Run 1 (Alex)'!E198 -> 78.64
A10: Onion | B10: 40 | C10: 4175.13 | D10: 178.84 | E10: 164.24 | F10: 5.6308 | G10: 0.008 | H10: =D10/C10 -> 0.042834594 | I10: =E10/C10 -> 0.039337697 | J10: =D10-E10 -> 14.6 | AL10: =D10-'Run 1 (Ty)'!D10 -> -87.79 | AM10: =D30-'Run 1 (Alex)'!D115 -> -7.64 | AN10: =D70-'Run 1 (Alex)'!D304 -> -73.89 | AO10: =E10-'Run 1 (Alex)'!E199 -> 87.79
A11: Onion | B11: 45 | C11: 4175.13 | D11: 193.3 | E11: 177.65 | F11: 5.7639 | G11: 0.009 | H11: =D11/C11 -> 0.04629796 | I11: =E11/C11 -> 0.042549573 | J11: =D11-E11 -> 15.65 | AL11: =D11-'Run 1 (Ty)'!D11 -> -91.45 | AM11: =D31-'Run 1 (Alex)'!D116 -> -7.84 | AN11: =D71-'Run 1 (Alex)'!D305 -> -84.11 | AO11: =E11-'Run 1 (Alex)'!E200 -> 99.05
A12: Onion | B12: 50 | C12: 4175.13 | D12: 205.3 | E12: 189.21 | F12: 5.8063 | G12: 0.008 | H12: =D12/C12 -> 0.049172122 | I12: =E12/C12 -> 0.045318349 | J12: =D12-E12 -> 16.09 | AL12: =D12-'Run 1 (Ty)'!D12 -> -94.24 | AM12: =D32-'Run 1 (Alex)'!D117 -> -8.13 | AN12: =D72-'Run 1 (Alex)'!D306 -> -92.76 | AO12: =E12-'Run 1 (Alex)'!E201 -> 108.27
A13: Onion | B13: 55 | C13: 4175.13 | D13: 218.25 | E13: 201.62 | F13: 5.8785 | G13: 0.009 | H13: =D13/C13 -> 0.052273821 | I13: =E13/C13 -> 0.048290712 | J13: =D13-E13 -> 16.63 | AL13: =D13-'Run 1 (Ty)'!D13 -> -97.46 | AM13: =D33-'Run 1 (Alex)'!D118 -> -8.26 | AN13: =D73-'Run 1 (Alex)'!D307 -> -101.81 | AO13: =E13-'Run 1 (Alex)'!E202 -> 118.36
... A21: Onion | B21: 95 | C21: 4175.13 | D21: 917.14 | E21: 858.23 | F21: 8.8771 | G21: 0.013 | H21: =D21/C21 -> 0.21966741 | I21: =E21/C21 -> 0.20555767 | J21: =D21-E21 -> 58.91 | AL21: =D21-'Run 1 (Ty)'!D21 -> -336.28 | AM21: =D41-'Run 1 (Alex)'!D126 -> -29.27 | AN21: =D81-'Run 1 (Alex)'!D315 -> -570.53 | AO21: =E21-'Run 1 (Alex)'!E210 -> 578.08
A22: Friday | B22: 0 | C22: 398.17 | D22: 8.31 | E22: 7.5 | F22: 0.4881 | G22: 0.001 | H22: =D22/C22 -> 0.020870482 | I22: =E22/C22 -> 0.018836176 | J22: =D22-E22 -> 0.81
A23: Friday | B23: 5 | C23: 398.17 | D23: 9.69 | E23: 8.79 | F23: 0.5031 | G23: 0.001 | H23: =D23/C23 -> 0.024336339 | I23: =E23/C23 -> 0.022075998 | J23: =D23-E23 -> 0.9
A24: Friday | B24: 10 | C24: 398.17 | D24: 14.1 | E24: 12.67 | F24: 0.5451 | G24: 0.001 | H24: =D24/C24 -> 0.03541201 | I24: =E24/C24 -> 0.031820579 | J24: =D24-E24 -> 1.43
A25: Friday | B25: 15 | C25: 398.17 | D25: 17.96 | E25: 16.41 | F25: 0.5441 | G25: 0.001 | H25: =D25/C25 -> 0.045106362 | I25: =E25/C25 -> 0.041213552 | J25: =D25-E25 -> 1.55
A26: Friday | B26: 20 | C26: 398.17 | D26: 21.81 | E26: 19.9 | F26: 0.5796 | G26: 0.001 | H26: =D26/C26 -> 0.054775598 | I26: =E26/C26 -> 0.049978652 | J26: =D26-E26 -> 1.91
A27: Friday | B27: 25 | C27: 398.17 | D27: 25.36 | E27: 23.1 | F27: 0.5951 | G27: 0.002 | H27: =D27/C27 -> 0.063691388 | I27: =E27/C27 -> 0.058015421 | J27: =D27-E27 -> 2.26
A28: Friday | B28: 30 | C28: 398.17 | D28: 28.39 | E28: 25.94 | F28: 0.6186 | G28: 0.001 | H28: =D28/C28 -> 0.071301203 | I28: =E28/C28 -> 0.065148052 | J28: =D28-E28 -> 2.45
A29: Friday | B29: 35 | C29: 398.17 | D29: 31.28 | E29: 28.79 | F29: 0.614 | G29: 0.002 | H29: =D29/C29 -> 0.078559409 | I29: =E29/C29 -> 0.072305799 | J29: =D29-E29 -> 2.49
A30: Friday | B30: 40 | C30: 398.17 | D30: 33.62 | E30: 30.99 | F30: 0.6221 | G30: 0.001 | H30: =D30/C30 -> 0.084436296 | I30: =E30/C30 -> 0.077831077 | J30: =D30-E30 -> 2.63
A31: Friday | B31: 45 | C31: 398.17 | D31: 36.37 | E31: 33.57 | F31: 0.6368 | G31: 0.002 | H31: =D31/C31 -> 0.091342894 | I31: =E31/C31 -> 0.084310722 | J31: =D31-E31 -> 2.8
A32: Friday | B32: 50 | C32: 398.17 | D32: 38.79 | E32: 35.74 | F32: 0.649 | G32: 0.001 | H32: =D32/C32 -> 0.0974207 | I32: =E32/C32 -> 0.089760655 | J32: =D32-E32 -> 3.05
A33: Friday | B33: 55 | C33: 398.17 | D33: 41.16 | E33: 38.06 | F33: 0.6592 | G33: 0.001 | H33: =D33/C33 -> 0.10337293 | I33: =E33/C33 -> 0.095587312 | J33: =D33-E33 -> 3.1
... A281: Tanks | B281: 95 | C281: 1163.92 | D281: 286.1 | E281: 265.01 | F281: 2.3226 | G281: 0.005 | H281: =D281/C281 -> 0.24580727 | I281: =E281/C281 -> 0.22768747 | J281: =D281-E281 -> 21.09

Sheet Run 1 Both MAchines
